cycle,branch,model,modeldate,candidate_inc,candidate_chal,candidate_3rd,evprob_inc,evprob_chal,evprob_3rd,total_ev,timestamp,simulations
2020,President,polls-plus,10/26/2020,Trump,Biden,"",.001775,.000025,,99,13:42:04 26 Oct 2020,40000
2020,President,polls-plus,10/26/2020,Trump,Biden,"",.001125,0,,98,13:42:04 26 Oct 2020,40000
2020,President,polls-plus,10/26/2020,Trump,Biden,"",.001775,0,,97,13:42:04 26 Oct 2020,40000
2020,President,polls-plus,10/26/2020,Trump,Biden,"",.00085,0,,96,13:42:04 26 Oct 2020,40000
2020,President,polls-plus,10/26/2020,Trump,Biden,"",.000975,0,,95,13:42:04 26 Oct 2020,40000
2020,President,polls-plus,10/26/2020,Trump,Biden,"",.0015,0,,94,13:42:04 26 Oct 2020,40000
2020,President,polls-plus,10/26/2020,Trump,Biden,"",.00095,0,,93,13:42:04 26 Oct 2020,40000
2020,President,polls-plus,10/26/2020,Trump,Biden,"",.0015,0,,92,13:42:04 26 Oct 2020,40000
2020,President,polls-plus,10/26/2020,Trump,Biden,"",.00115,0,,91,13:42:04 26 Oct 2020,40000
2020,President,polls-plus,10/26/2020,Trump,Biden,"",.000725,0,,90,13:42:04 26 Oct 2020,40000
2020,President,polls-plus,10/26/2020,Trump,Biden,"",.0001,0,,9,13:42:04 26 Oct 2020,40000
2020,President,polls-plus,10/26/2020,Trump,Biden,"",.001925,.000025,,89,13:42:04 26 Oct 2020,40000
2020,President,polls-plus,10/26/2020,Trump,Biden,"",.001025,.000025,,88,13:42:04 26 Oct 2020,40000
2020,President,polls-plus,10/26/2020,Trump,Biden,"",.000875,0,,87,13:42:04 26 Oct 2020,40000
2020,President,polls-plus,10/26/2020,Trump,Biden,"",.001425,.000025,,86,13:42:04 26 Oct 2020,40000
2020,President,polls-plus,10/26/2020,Trump,Biden,"",.001025,0,,85,13:42:04 26 Oct 2020,40000
2020,President,polls-plus,10/26/2020,Trump,Biden,"",.000725,0,,84,13:42:04 26 Oct 2020,40000
2020,President,polls-plus,10/26/2020,Trump,Biden,"",.0013,0,,83,13:42:04 26 Oct 2020,40000
2020,President,polls-plus,10/26/2020,Trump,Biden,"",.00135,0,,82,13:42:04 26 Oct 2020,40000
2020,President,polls-plus,10/26/2020,Trump,Biden,"",.000975,0,,81,13:42:04 26 Oct 2020,40000
2020,President,polls-plus,10/26/2020,Trump,Biden,"",.00065,0,,80,13:42:04 26 Oct 2020,40000
2020,President,polls-plus,10/26/2020,Trump,Biden,"",.000225,0,,8,13:42:04 26 Oct 2020,40000
2020,President,polls-plus,10/26/2020,Trump,Biden,"",.000775,0,,79,13:42:04 26 Oct 2020,40000
2020,President,polls-plus,10/26/2020,Trump,Biden,"",.000975,0,,78,13:42:04 26 Oct 2020,40000
2020,President,polls-plus,10/26/2020,Trump,Biden,"",.001,0,,77,13:42:04 26 Oct 2020,40000
2020,President,polls-plus,10/26/2020,Trump,Biden,"",.0009,0,,76,13:42:04 26 Oct 2020,40000
2020,President,polls-plus,10/26/2020,Trump,Biden,"",.000775,0,,75,13:42:04 26 Oct 2020,40000
2020,President,polls-plus,10/26/2020,Trump,Biden,"",.000375,0,,74,13:42:04 26 Oct 2020,40000
2020,President,polls-plus,10/26/2020,Trump,Biden,"",.00075,0,,73,13:42:04 26 Oct 2020,40000
2020,President,polls-plus,10/26/2020,Trump,Biden,"",.000575,0,,72,13:42:04 26 Oct 2020,40000
2020,President,polls-plus,10/26/2020,Trump,Biden,"",.000725,0,,71,13:42:04 26 Oct 2020,40000
2020,President,polls-plus,10/26/2020,Trump,Biden,"",.00055,0,,70,13:42:04 26 Oct 2020,40000
2020,President,polls-plus,10/26/2020,Trump,Biden,"",.00015,0,,7,13:42:04 26 Oct 2020,40000
2020,President,polls-plus,10/26/2020,Trump,Biden,"",.000775,0,,69,13:42:04 26 Oct 2020,40000
2020,President,polls-plus,10/26/2020,Trump,Biden,"",.000525,0,,68,13:42:04 26 Oct 2020,40000
2020,President,polls-plus,10/26/2020,Trump,Biden,"",.000625,0,,67,13:42:04 26 Oct 2020,40000
2020,President,polls-plus,10/26/2020,Trump,Biden,"",.000525,0,,66,13:42:04 26 Oct 2020,40000
2020,President,polls-plus,10/26/2020,Trump,Biden,"",.0003,0,,65,13:42:04 26 Oct 2020,40000
2020,President,polls-plus,10/26/2020,Trump,Biden,"",.0004,0,,64,13:42:04 26 Oct 2020,40000
2020,President,polls-plus,10/26/2020,Trump,Biden,"",.000525,0,,63,13:42:04 26 Oct 2020,40000
2020,President,polls-plus,10/26/2020,Trump,Biden,"",.00025,0,,62,13:42:04 26 Oct 2020,40000
2020,President,polls-plus,10/26/2020,Trump,Biden,"",.00055,0,,61,13:42:04 26 Oct 2020,40000
2020,President,polls-plus,10/26/2020,Trump,Biden,"",.0004,0,,60,13:42:04 26 Oct 2020,40000
2020,President,polls-plus,10/26/2020,Trump,Biden,"",.000075,0,,6,13:42:04 26 Oct 2020,40000
2020,President,polls-plus,10/26/2020,Trump,Biden,"",.000425,.000025,,59,13:42:04 26 Oct 2020,40000
2020,President,polls-plus,10/26/2020,Trump,Biden,"",.00045,0,,58,13:42:04 26 Oct 2020,40000
2020,President,polls-plus,10/26/2020,Trump,Biden,"",.00045,0,,57,13:42:04 26 Oct 2020,40000
2020,President,polls-plus,10/26/2020,Trump,Biden,"",.000275,0,,56,13:42:04 26 Oct 2020,40000
2020,President,polls-plus,10/26/2020,Trump,Biden,"",.000425,0,,55,13:42:04 26 Oct 2020,40000
2020,President,polls-plus,10/26/2020,Trump,Biden,"",.000325,0,,54,13:42:04 26 Oct 2020,40000
2020,President,polls-plus,10/26/2020,Trump,Biden,"",0,0,,538,13:42:04 26 Oct 2020,40000
2020,President,polls-plus,10/26/2020,Trump,Biden,"",0,.00005,,537,13:42:04 26 Oct 2020,40000
2020,President,polls-plus,10/26/2020,Trump,Biden,"",0,0,,536,13:42:04 26 Oct 2020,40000
2020,President,polls-plus,10/26/2020,Trump,Biden,"",0,.00005,,535,13:42:04 26 Oct 2020,40000
2020,President,polls-plus,10/26/2020,Trump,Biden,"",0,.000525,,534,13:42:04 26 Oct 2020,40000
2020,President,polls-plus,10/26/2020,Trump,Biden,"",0,.000025,,533,13:42:04 26 Oct 2020,40000
2020,President,polls-plus,10/26/2020,Trump,Biden,"",0,.000075,,532,13:42:04 26 Oct 2020,40000
2020,President,polls-plus,10/26/2020,Trump,Biden,"",0,.00015,,531,13:42:04 26 Oct 2020,40000
2020,President,polls-plus,10/26/2020,Trump,Biden,"",0,.000225,,530,13:42:04 26 Oct 2020,40000
2020,President,polls-plus,10/26/2020,Trump,Biden,"",.000275,0,,53,13:42:04 26 Oct 2020,40000
2020,President,polls-plus,10/26/2020,Trump,Biden,"",0,.0001,,529,13:42:04 26 Oct 2020,40000
2020,President,polls-plus,10/26/2020,Trump,Biden,"",0,.000125,,528,13:42:04 26 Oct 2020,40000
2020,President,polls-plus,10/26/2020,Trump,Biden,"",0,.0001,,527,13:42:04 26 Oct 2020,40000
2020,President,polls-plus,10/26/2020,Trump,Biden,"",0,.00005,,526,13:42:04 26 Oct 2020,40000
2020,President,polls-plus,10/26/2020,Trump,Biden,"",0,.000125,,525,13:42:04 26 Oct 2020,40000
2020,President,polls-plus,10/26/2020,Trump,Biden,"",0,.0001,,524,13:42:04 26 Oct 2020,40000
2020,President,polls-plus,10/26/2020,Trump,Biden,"",0,.0001,,523,13:42:04 26 Oct 2020,40000
2020,President,polls-plus,10/26/2020,Trump,Biden,"",0,.00015,,522,13:42:04 26 Oct 2020,40000
2020,President,polls-plus,10/26/2020,Trump,Biden,"",0,.00015,,521,13:42:04 26 Oct 2020,40000
2020,President,polls-plus,10/26/2020,Trump,Biden,"",0,.000125,,520,13:42:04 26 Oct 2020,40000
2020,President,polls-plus,10/26/2020,Trump,Biden,"",.00045,0,,52,13:42:04 26 Oct 2020,40000
2020,President,polls-plus,10/26/2020,Trump,Biden,"",0,.000025,,519,13:42:04 26 Oct 2020,40000
2020,President,polls-plus,10/26/2020,Trump,Biden,"",0,.000175,,518,13:42:04 26 Oct 2020,40000
2020,President,polls-plus,10/26/2020,Trump,Biden,"",0,.000075,,517,13:42:04 26 Oct 2020,40000
2020,President,polls-plus,10/26/2020,Trump,Biden,"",0,.00015,,516,13:42:04 26 Oct 2020,40000
2020,President,polls-plus,10/26/2020,Trump,Biden,"",0,.000225,,515,13:42:04 26 Oct 2020,40000
2020,President,polls-plus,10/26/2020,Trump,Biden,"",0,.000075,,514,13:42:04 26 Oct 2020,40000
2020,President,polls-plus,10/26/2020,Trump,Biden,"",0,.00005,,513,13:42:04 26 Oct 2020,40000
2020,President,polls-plus,10/26/2020,Trump,Biden,"",0,.00015,,512,13:42:04 26 Oct 2020,40000
2020,President,polls-plus,10/26/2020,Trump,Biden,"",0,.00005,,511,13:42:04 26 Oct 2020,40000
2020,President,polls-plus,10/26/2020,Trump,Biden,"",0,.000175,,510,13:42:04 26 Oct 2020,40000
2020,President,polls-plus,10/26/2020,Trump,Biden,"",.000375,0,,51,13:42:04 26 Oct 2020,40000
2020,President,polls-plus,10/26/2020,Trump,Biden,"",0,.00015,,509,13:42:04 26 Oct 2020,40000
2020,President,polls-plus,10/26/2020,Trump,Biden,"",0,.000075,,508,13:42:04 26 Oct 2020,40000
2020,President,polls-plus,10/26/2020,Trump,Biden,"",0,.0001,,507,13:42:04 26 Oct 2020,40000
2020,President,polls-plus,10/26/2020,Trump,Biden,"",0,.0001,,506,13:42:04 26 Oct 2020,40000
2020,President,polls-plus,10/26/2020,Trump,Biden,"",0,.000125,,505,13:42:04 26 Oct 2020,40000
2020,President,polls-plus,10/26/2020,Trump,Biden,"",0,.0001,,504,13:42:04 26 Oct 2020,40000
2020,President,polls-plus,10/26/2020,Trump,Biden,"",0,.00015,,503,13:42:04 26 Oct 2020,40000
2020,President,polls-plus,10/26/2020,Trump,Biden,"",0,.000275,,502,13:42:04 26 Oct 2020,40000
2020,President,polls-plus,10/26/2020,Trump,Biden,"",0,.00025,,501,13:42:04 26 Oct 2020,40000
2020,President,polls-plus,10/26/2020,Trump,Biden,"",0,.00015,,500,13:42:04 26 Oct 2020,40000
2020,President,polls-plus,10/26/2020,Trump,Biden,"",.00015,0,,50,13:42:04 26 Oct 2020,40000
2020,President,polls-plus,10/26/2020,Trump,Biden,"",.000025,0,,5,13:42:04 26 Oct 2020,40000
2020,President,polls-plus,10/26/2020,Trump,Biden,"",0,.000175,,499,13:42:04 26 Oct 2020,40000
2020,President,polls-plus,10/26/2020,Trump,Biden,"",0,.0002,,498,13:42:04 26 Oct 2020,40000
2020,President,polls-plus,10/26/2020,Trump,Biden,"",0,.00025,,497,13:42:04 26 Oct 2020,40000
2020,President,polls-plus,10/26/2020,Trump,Biden,"",0,.000225,,496,13:42:04 26 Oct 2020,40000
2020,President,polls-plus,10/26/2020,Trump,Biden,"",0,.000225,,495,13:42:04 26 Oct 2020,40000
2020,President,polls-plus,10/26/2020,Trump,Biden,"",0,.00025,,494,13:42:04 26 Oct 2020,40000
2020,President,polls-plus,10/26/2020,Trump,Biden,"",0,.000275,,493,13:42:04 26 Oct 2020,40000
2020,President,polls-plus,10/26/2020,Trump,Biden,"",0,.00025,,492,13:42:04 26 Oct 2020,40000
2020,President,polls-plus,10/26/2020,Trump,Biden,"",0,.00035,,491,13:42:04 26 Oct 2020,40000
2020,President,polls-plus,10/26/2020,Trump,Biden,"",0,.000125,,490,13:42:04 26 Oct 2020,40000
2020,President,polls-plus,10/26/2020,Trump,Biden,"",.00025,0,,49,13:42:04 26 Oct 2020,40000
2020,President,polls-plus,10/26/2020,Trump,Biden,"",0,.00025,,489,13:42:04 26 Oct 2020,40000
2020,President,polls-plus,10/26/2020,Trump,Biden,"",0,.00015,,488,13:42:04 26 Oct 2020,40000
2020,President,polls-plus,10/26/2020,Trump,Biden,"",0,.000375,,487,13:42:04 26 Oct 2020,40000
2020,President,polls-plus,10/26/2020,Trump,Biden,"",0,.00045,,486,13:42:04 26 Oct 2020,40000
2020,President,polls-plus,10/26/2020,Trump,Biden,"",0,.000275,,485,13:42:04 26 Oct 2020,40000
2020,President,polls-plus,10/26/2020,Trump,Biden,"",0,.000325,,484,13:42:04 26 Oct 2020,40000
2020,President,polls-plus,10/26/2020,Trump,Biden,"",0,.000425,,483,13:42:04 26 Oct 2020,40000
2020,President,polls-plus,10/26/2020,Trump,Biden,"",0,.000275,,482,13:42:04 26 Oct 2020,40000
2020,President,polls-plus,10/26/2020,Trump,Biden,"",0,.00045,,481,13:42:04 26 Oct 2020,40000
2020,President,polls-plus,10/26/2020,Trump,Biden,"",0,.00045,,480,13:42:04 26 Oct 2020,40000
2020,President,polls-plus,10/26/2020,Trump,Biden,"",.000125,0,,48,13:42:04 26 Oct 2020,40000
2020,President,polls-plus,10/26/2020,Trump,Biden,"",.000025,.000425,,479,13:42:04 26 Oct 2020,40000
2020,President,polls-plus,10/26/2020,Trump,Biden,"",0,.0004,,478,13:42:04 26 Oct 2020,40000
2020,President,polls-plus,10/26/2020,Trump,Biden,"",0,.00055,,477,13:42:04 26 Oct 2020,40000
2020,President,polls-plus,10/26/2020,Trump,Biden,"",0,.00025,,476,13:42:04 26 Oct 2020,40000
2020,President,polls-plus,10/26/2020,Trump,Biden,"",0,.000525,,475,13:42:04 26 Oct 2020,40000
2020,President,polls-plus,10/26/2020,Trump,Biden,"",0,.0004,,474,13:42:04 26 Oct 2020,40000
2020,President,polls-plus,10/26/2020,Trump,Biden,"",0,.0003,,473,13:42:04 26 Oct 2020,40000
2020,President,polls-plus,10/26/2020,Trump,Biden,"",0,.000525,,472,13:42:04 26 Oct 2020,40000
2020,President,polls-plus,10/26/2020,Trump,Biden,"",0,.000625,,471,13:42:04 26 Oct 2020,40000
2020,President,polls-plus,10/26/2020,Trump,Biden,"",0,.000525,,470,13:42:04 26 Oct 2020,40000
2020,President,polls-plus,10/26/2020,Trump,Biden,"",.00035,0,,47,13:42:04 26 Oct 2020,40000
2020,President,polls-plus,10/26/2020,Trump,Biden,"",0,.000775,,469,13:42:04 26 Oct 2020,40000
2020,President,polls-plus,10/26/2020,Trump,Biden,"",0,.00055,,468,13:42:04 26 Oct 2020,40000
2020,President,polls-plus,10/26/2020,Trump,Biden,"",0,.000725,,467,13:42:04 26 Oct 2020,40000
2020,President,polls-plus,10/26/2020,Trump,Biden,"",0,.000575,,466,13:42:04 26 Oct 2020,40000
2020,President,polls-plus,10/26/2020,Trump,Biden,"",0,.00075,,465,13:42:04 26 Oct 2020,40000
2020,President,polls-plus,10/26/2020,Trump,Biden,"",0,.000375,,464,13:42:04 26 Oct 2020,40000
2020,President,polls-plus,10/26/2020,Trump,Biden,"",0,.000775,,463,13:42:04 26 Oct 2020,40000
2020,President,polls-plus,10/26/2020,Trump,Biden,"",0,.0009,,462,13:42:04 26 Oct 2020,40000
2020,President,polls-plus,10/26/2020,Trump,Biden,"",0,.001,,461,13:42:04 26 Oct 2020,40000
2020,President,polls-plus,10/26/2020,Trump,Biden,"",0,.000975,,460,13:42:04 26 Oct 2020,40000
2020,President,polls-plus,10/26/2020,Trump,Biden,"",.00025,0,,46,13:42:04 26 Oct 2020,40000
2020,President,polls-plus,10/26/2020,Trump,Biden,"",0,.000775,,459,13:42:04 26 Oct 2020,40000
2020,President,polls-plus,10/26/2020,Trump,Biden,"",0,.00065,,458,13:42:04 26 Oct 2020,40000
2020,President,polls-plus,10/26/2020,Trump,Biden,"",0,.000975,,457,13:42:04 26 Oct 2020,40000
2020,President,polls-plus,10/26/2020,Trump,Biden,"",0,.00135,,456,13:42:04 26 Oct 2020,40000
2020,President,polls-plus,10/26/2020,Trump,Biden,"",0,.0013,,455,13:42:04 26 Oct 2020,40000
2020,President,polls-plus,10/26/2020,Trump,Biden,"",0,.000725,,454,13:42:04 26 Oct 2020,40000
2020,President,polls-plus,10/26/2020,Trump,Biden,"",0,.001025,,453,13:42:04 26 Oct 2020,40000
2020,President,polls-plus,10/26/2020,Trump,Biden,"",.000025,.001425,,452,13:42:04 26 Oct 2020,40000
2020,President,polls-plus,10/26/2020,Trump,Biden,"",0,.000875,,451,13:42:04 26 Oct 2020,40000
2020,President,polls-plus,10/26/2020,Trump,Biden,"",.000025,.001025,,450,13:42:04 26 Oct 2020,40000
2020,President,polls-plus,10/26/2020,Trump,Biden,"",.000275,0,,45,13:42:04 26 Oct 2020,40000
2020,President,polls-plus,10/26/2020,Trump,Biden,"",.000025,.001925,,449,13:42:04 26 Oct 2020,40000
2020,President,polls-plus,10/26/2020,Trump,Biden,"",0,.000725,,448,13:42:04 26 Oct 2020,40000
2020,President,polls-plus,10/26/2020,Trump,Biden,"",0,.00115,,447,13:42:04 26 Oct 2020,40000
2020,President,polls-plus,10/26/2020,Trump,Biden,"",0,.0015,,446,13:42:04 26 Oct 2020,40000
2020,President,polls-plus,10/26/2020,Trump,Biden,"",0,.00095,,445,13:42:04 26 Oct 2020,40000
2020,President,polls-plus,10/26/2020,Trump,Biden,"",0,.0015,,444,13:42:04 26 Oct 2020,40000
2020,President,polls-plus,10/26/2020,Trump,Biden,"",0,.000975,,443,13:42:04 26 Oct 2020,40000
2020,President,polls-plus,10/26/2020,Trump,Biden,"",0,.00085,,442,13:42:04 26 Oct 2020,40000
2020,President,polls-plus,10/26/2020,Trump,Biden,"",0,.001775,,441,13:42:04 26 Oct 2020,40000
2020,President,polls-plus,10/26/2020,Trump,Biden,"",0,.001125,,440,13:42:04 26 Oct 2020,40000
2020,President,polls-plus,10/26/2020,Trump,Biden,"",.00025,0,,44,13:42:04 26 Oct 2020,40000
2020,President,polls-plus,10/26/2020,Trump,Biden,"",.000025,.001775,,439,13:42:04 26 Oct 2020,40000
2020,President,polls-plus,10/26/2020,Trump,Biden,"",0,.002425,,438,13:42:04 26 Oct 2020,40000
2020,President,polls-plus,10/26/2020,Trump,Biden,"",0,.001525,,437,13:42:04 26 Oct 2020,40000
2020,President,polls-plus,10/26/2020,Trump,Biden,"",0,.001725,,436,13:42:04 26 Oct 2020,40000
2020,President,polls-plus,10/26/2020,Trump,Biden,"",0,.003425,,435,13:42:04 26 Oct 2020,40000
2020,President,polls-plus,10/26/2020,Trump,Biden,"",0,.00165,,434,13:42:04 26 Oct 2020,40000
2020,President,polls-plus,10/26/2020,Trump,Biden,"",0,.000975,,433,13:42:04 26 Oct 2020,40000
2020,President,polls-plus,10/26/2020,Trump,Biden,"",0,.0025,,432,13:42:04 26 Oct 2020,40000
2020,President,polls-plus,10/26/2020,Trump,Biden,"",.000025,.002575,,431,13:42:04 26 Oct 2020,40000
2020,President,polls-plus,10/26/2020,Trump,Biden,"",0,.00175,,430,13:42:04 26 Oct 2020,40000
2020,President,polls-plus,10/26/2020,Trump,Biden,"",.000225,0,,43,13:42:04 26 Oct 2020,40000
2020,President,polls-plus,10/26/2020,Trump,Biden,"",.000025,.0029,,429,13:42:04 26 Oct 2020,40000
2020,President,polls-plus,10/26/2020,Trump,Biden,"",0,.00295,,428,13:42:04 26 Oct 2020,40000
2020,President,polls-plus,10/26/2020,Trump,Biden,"",.000025,.0021,,427,13:42:04 26 Oct 2020,40000
2020,President,polls-plus,10/26/2020,Trump,Biden,"",.000025,.0035,,426,13:42:04 26 Oct 2020,40000
2020,President,polls-plus,10/26/2020,Trump,Biden,"",0,.00475,,425,13:42:04 26 Oct 2020,40000
2020,President,polls-plus,10/26/2020,Trump,Biden,"",0,.001775,,424,13:42:04 26 Oct 2020,40000
2020,President,polls-plus,10/26/2020,Trump,Biden,"",.000025,.003575,,423,13:42:04 26 Oct 2020,40000
2020,President,polls-plus,10/26/2020,Trump,Biden,"",0,.00615,,422,13:42:04 26 Oct 2020,40000
2020,President,polls-plus,10/26/2020,Trump,Biden,"",0,.0032,,421,13:42:04 26 Oct 2020,40000
2020,President,polls-plus,10/26/2020,Trump,Biden,"",0,.0014,,420,13:42:04 26 Oct 2020,40000
2020,President,polls-plus,10/26/2020,Trump,Biden,"",.000225,0,,42,13:42:04 26 Oct 2020,40000
2020,President,polls-plus,10/26/2020,Trump,Biden,"",0,.009625,,419,13:42:04 26 Oct 2020,40000
2020,President,polls-plus,10/26/2020,Trump,Biden,"",0,.0027,,418,13:42:04 26 Oct 2020,40000
2020,President,polls-plus,10/26/2020,Trump,Biden,"",0,.002025,,417,13:42:04 26 Oct 2020,40000
2020,President,polls-plus,10/26/2020,Trump,Biden,"",0,.018425,,416,13:42:04 26 Oct 2020,40000
2020,President,polls-plus,10/26/2020,Trump,Biden,"",0,.003875,,415,13:42:04 26 Oct 2020,40000
2020,President,polls-plus,10/26/2020,Trump,Biden,"",0,.00205,,414,13:42:04 26 Oct 2020,40000
2020,President,polls-plus,10/26/2020,Trump,Biden,"",0,.040025,,413,13:42:04 26 Oct 2020,40000
2020,President,polls-plus,10/26/2020,Trump,Biden,"",0,.0162,,412,13:42:04 26 Oct 2020,40000
2020,President,polls-plus,10/26/2020,Trump,Biden,"",0,.001125,,411,13:42:04 26 Oct 2020,40000
2020,President,polls-plus,10/26/2020,Trump,Biden,"",0,.00235,,410,13:42:04 26 Oct 2020,40000
2020,President,polls-plus,10/26/2020,Trump,Biden,"",.00025,0,,41,13:42:04 26 Oct 2020,40000
2020,President,polls-plus,10/26/2020,Trump,Biden,"",0,.00205,,409,13:42:04 26 Oct 2020,40000
2020,President,polls-plus,10/26/2020,Trump,Biden,"",.000025,.001075,,408,13:42:04 26 Oct 2020,40000
2020,President,polls-plus,10/26/2020,Trump,Biden,"",0,.003675,,407,13:42:04 26 Oct 2020,40000
2020,President,polls-plus,10/26/2020,Trump,Biden,"",0,.0051,,406,13:42:04 26 Oct 2020,40000
2020,President,polls-plus,10/26/2020,Trump,Biden,"",0,.00155,,405,13:42:04 26 Oct 2020,40000
2020,President,polls-plus,10/26/2020,Trump,Biden,"",.000025,.0013,,404,13:42:04 26 Oct 2020,40000
2020,President,polls-plus,10/26/2020,Trump,Biden,"",.000025,.00275,,403,13:42:04 26 Oct 2020,40000
2020,President,polls-plus,10/26/2020,Trump,Biden,"",0,.00185,,402,13:42:04 26 Oct 2020,40000
2020,President,polls-plus,10/26/2020,Trump,Biden,"",.000025,.001725,,401,13:42:04 26 Oct 2020,40000
2020,President,polls-plus,10/26/2020,Trump,Biden,"",.000075,.003875,,400,13:42:04 26 Oct 2020,40000
2020,President,polls-plus,10/26/2020,Trump,Biden,"",.0002,0,,40,13:42:04 26 Oct 2020,40000
2020,President,polls-plus,10/26/2020,Trump,Biden,"",.000525,0,,4,13:42:04 26 Oct 2020,40000
2020,President,polls-plus,10/26/2020,Trump,Biden,"",0,.0009,,399,13:42:04 26 Oct 2020,40000
2020,President,polls-plus,10/26/2020,Trump,Biden,"",.000025,.0026,,398,13:42:04 26 Oct 2020,40000
2020,President,polls-plus,10/26/2020,Trump,Biden,"",.000025,.00905,,397,13:42:04 26 Oct 2020,40000
2020,President,polls-plus,10/26/2020,Trump,Biden,"",.000025,.00345,,396,13:42:04 26 Oct 2020,40000
2020,President,polls-plus,10/26/2020,Trump,Biden,"",.000025,.005375,,395,13:42:04 26 Oct 2020,40000
2020,President,polls-plus,10/26/2020,Trump,Biden,"",0,.0096,,394,13:42:04 26 Oct 2020,40000
2020,President,polls-plus,10/26/2020,Trump,Biden,"",0,.00125,,393,13:42:04 26 Oct 2020,40000
2020,President,polls-plus,10/26/2020,Trump,Biden,"",0,.00175,,392,13:42:04 26 Oct 2020,40000
2020,President,polls-plus,10/26/2020,Trump,Biden,"",.000025,.00325,,391,13:42:04 26 Oct 2020,40000
2020,President,polls-plus,10/26/2020,Trump,Biden,"",0,.00245,,390,13:42:04 26 Oct 2020,40000
2020,President,polls-plus,10/26/2020,Trump,Biden,"",.000175,0,,39,13:42:04 26 Oct 2020,40000
2020,President,polls-plus,10/26/2020,Trump,Biden,"",.000125,.003175,,389,13:42:04 26 Oct 2020,40000
2020,President,polls-plus,10/26/2020,Trump,Biden,"",0,.00975,,388,13:42:04 26 Oct 2020,40000
2020,President,polls-plus,10/26/2020,Trump,Biden,"",.00005,.002275,,387,13:42:04 26 Oct 2020,40000
2020,President,polls-plus,10/26/2020,Trump,Biden,"",.00005,.002675,,386,13:42:04 26 Oct 2020,40000
2020,President,polls-plus,10/26/2020,Trump,Biden,"",.000025,.001775,,385,13:42:04 26 Oct 2020,40000
2020,President,polls-plus,10/26/2020,Trump,Biden,"",0,.002925,,384,13:42:04 26 Oct 2020,40000
2020,President,polls-plus,10/26/2020,Trump,Biden,"",.00005,.001925,,383,13:42:04 26 Oct 2020,40000
2020,President,polls-plus,10/26/2020,Trump,Biden,"",.000025,.002625,,382,13:42:04 26 Oct 2020,40000
2020,President,polls-plus,10/26/2020,Trump,Biden,"",0,.004125,,381,13:42:04 26 Oct 2020,40000
2020,President,polls-plus,10/26/2020,Trump,Biden,"",.00005,.0017,,380,13:42:04 26 Oct 2020,40000
2020,President,polls-plus,10/26/2020,Trump,Biden,"",.00015,0,,38,13:42:04 26 Oct 2020,40000
2020,President,polls-plus,10/26/2020,Trump,Biden,"",.000025,.00325,,379,13:42:04 26 Oct 2020,40000
2020,President,polls-plus,10/26/2020,Trump,Biden,"",.000025,.010375,,378,13:42:04 26 Oct 2020,40000
2020,President,polls-plus,10/26/2020,Trump,Biden,"",.0001,.00265,,377,13:42:04 26 Oct 2020,40000
2020,President,polls-plus,10/26/2020,Trump,Biden,"",.000075,.001675,,376,13:42:04 26 Oct 2020,40000
2020,President,polls-plus,10/26/2020,Trump,Biden,"",.000125,.025275,,375,13:42:04 26 Oct 2020,40000
2020,President,polls-plus,10/26/2020,Trump,Biden,"",.000025,.00915,,374,13:42:04 26 Oct 2020,40000
2020,President,polls-plus,10/26/2020,Trump,Biden,"",.00005,.00325,,373,13:42:04 26 Oct 2020,40000
2020,President,polls-plus,10/26/2020,Trump,Biden,"",.000125,.0051,,372,13:42:04 26 Oct 2020,40000
2020,President,polls-plus,10/26/2020,Trump,Biden,"",0,.002075,,371,13:42:04 26 Oct 2020,40000
2020,President,polls-plus,10/26/2020,Trump,Biden,"",.000025,.001425,,370,13:42:04 26 Oct 2020,40000
2020,President,polls-plus,10/26/2020,Trump,Biden,"",.00025,0,,37,13:42:04 26 Oct 2020,40000
2020,President,polls-plus,10/26/2020,Trump,Biden,"",.00005,.004625,,369,13:42:04 26 Oct 2020,40000
2020,President,polls-plus,10/26/2020,Trump,Biden,"",.000075,.004925,,368,13:42:04 26 Oct 2020,40000
2020,President,polls-plus,10/26/2020,Trump,Biden,"",.00005,.002175,,367,13:42:04 26 Oct 2020,40000
2020,President,polls-plus,10/26/2020,Trump,Biden,"",0,.002075,,366,13:42:04 26 Oct 2020,40000
2020,President,polls-plus,10/26/2020,Trump,Biden,"",.000075,.003375,,365,13:42:04 26 Oct 2020,40000
2020,President,polls-plus,10/26/2020,Trump,Biden,"",.0001,.004625,,364,13:42:04 26 Oct 2020,40000
2020,President,polls-plus,10/26/2020,Trump,Biden,"",.000275,.00375,,363,13:42:04 26 Oct 2020,40000
2020,President,polls-plus,10/26/2020,Trump,Biden,"",.0004,.00655,,362,13:42:04 26 Oct 2020,40000
2020,President,polls-plus,10/26/2020,Trump,Biden,"",.000075,.002375,,361,13:42:04 26 Oct 2020,40000
2020,President,polls-plus,10/26/2020,Trump,Biden,"",.0001,.003275,,360,13:42:04 26 Oct 2020,40000
2020,President,polls-plus,10/26/2020,Trump,Biden,"",.000275,0,,36,13:42:04 26 Oct 2020,40000
2020,President,polls-plus,10/26/2020,Trump,Biden,"",.000025,.0162,,359,13:42:04 26 Oct 2020,40000
2020,President,polls-plus,10/26/2020,Trump,Biden,"",.0001,.005275,,358,13:42:04 26 Oct 2020,40000
2020,President,polls-plus,10/26/2020,Trump,Biden,"",.000175,.010175,,357,13:42:04 26 Oct 2020,40000
2020,President,polls-plus,10/26/2020,Trump,Biden,"",.0002,.0103,,356,13:42:04 26 Oct 2020,40000
2020,President,polls-plus,10/26/2020,Trump,Biden,"",.0009,.00155,,355,13:42:04 26 Oct 2020,40000
2020,President,polls-plus,10/26/2020,Trump,Biden,"",.0001,.002075,,354,13:42:04 26 Oct 2020,40000
2020,President,polls-plus,10/26/2020,Trump,Biden,"",.00025,.006475,,353,13:42:04 26 Oct 2020,40000
2020,President,polls-plus,10/26/2020,Trump,Biden,"",.000025,.0044,,352,13:42:04 26 Oct 2020,40000
2020,President,polls-plus,10/26/2020,Trump,Biden,"",0,.00605,,351,13:42:04 26 Oct 2020,40000
2020,President,polls-plus,10/26/2020,Trump,Biden,"",.000675,.01255,,350,13:42:04 26 Oct 2020,40000
2020,President,polls-plus,10/26/2020,Trump,Biden,"",.00015,0,,35,13:42:04 26 Oct 2020,40000
2020,President,polls-plus,10/26/2020,Trump,Biden,"",.000375,.003275,,349,13:42:04 26 Oct 2020,40000
2020,President,polls-plus,10/26/2020,Trump,Biden,"",.000325,.00475,,348,13:42:04 26 Oct 2020,40000
2020,President,polls-plus,10/26/2020,Trump,Biden,"",.00025,.003425,,347,13:42:04 26 Oct 2020,40000
2020,President,polls-plus,10/26/2020,Trump,Biden,"",.000225,.004925,,346,13:42:04 26 Oct 2020,40000
2020,President,polls-plus,10/26/2020,Trump,Biden,"",.00015,.004025,,345,13:42:04 26 Oct 2020,40000
2020,President,polls-plus,10/26/2020,Trump,Biden,"",.000425,.00605,,344,13:42:04 26 Oct 2020,40000
2020,President,polls-plus,10/26/2020,Trump,Biden,"",.000325,.00375,,343,13:42:04 26 Oct 2020,40000
2020,President,polls-plus,10/26/2020,Trump,Biden,"",.001325,.004,,342,13:42:04 26 Oct 2020,40000
2020,President,polls-plus,10/26/2020,Trump,Biden,"",.000725,.010675,,341,13:42:04 26 Oct 2020,40000
2020,President,polls-plus,10/26/2020,Trump,Biden,"",.000475,.008775,,340,13:42:04 26 Oct 2020,40000
2020,President,polls-plus,10/26/2020,Trump,Biden,"",.0001,0,,34,13:42:04 26 Oct 2020,40000
2020,President,polls-plus,10/26/2020,Trump,Biden,"",.00025,.0057,,339,13:42:04 26 Oct 2020,40000
2020,President,polls-plus,10/26/2020,Trump,Biden,"",.000475,.00425,,338,13:42:04 26 Oct 2020,40000
2020,President,polls-plus,10/26/2020,Trump,Biden,"",.00115,.002875,,337,13:42:04 26 Oct 2020,40000
2020,President,polls-plus,10/26/2020,Trump,Biden,"",.0004,.002825,,336,13:42:04 26 Oct 2020,40000
2020,President,polls-plus,10/26/2020,Trump,Biden,"",.001225,.011325,,335,13:42:04 26 Oct 2020,40000
2020,President,polls-plus,10/26/2020,Trump,Biden,"",.0003,.014175,,334,13:42:04 26 Oct 2020,40000
2020,President,polls-plus,10/26/2020,Trump,Biden,"",.001,.0059,,333,13:42:04 26 Oct 2020,40000
2020,President,polls-plus,10/26/2020,Trump,Biden,"",.00035,.002275,,332,13:42:04 26 Oct 2020,40000
2020,President,polls-plus,10/26/2020,Trump,Biden,"",.00125,.001875,,331,13:42:04 26 Oct 2020,40000
2020,President,polls-plus,10/26/2020,Trump,Biden,"",.000375,.005525,,330,13:42:04 26 Oct 2020,40000
2020,President,polls-plus,10/26/2020,Trump,Biden,"",.000125,0,,33,13:42:04 26 Oct 2020,40000
2020,President,polls-plus,10/26/2020,Trump,Biden,"",.000525,.005275,,329,13:42:04 26 Oct 2020,40000
2020,President,polls-plus,10/26/2020,Trump,Biden,"",.0034,.00325,,328,13:42:04 26 Oct 2020,40000
2020,President,polls-plus,10/26/2020,Trump,Biden,"",.00065,.0026,,327,13:42:04 26 Oct 2020,40000
2020,President,polls-plus,10/26/2020,Trump,Biden,"",.002225,.004575,,326,13:42:04 26 Oct 2020,40000
2020,President,polls-plus,10/26/2020,Trump,Biden,"",.0005,.006375,,325,13:42:04 26 Oct 2020,40000
2020,President,polls-plus,10/26/2020,Trump,Biden,"",.000725,.006675,,324,13:42:04 26 Oct 2020,40000
2020,President,polls-plus,10/26/2020,Trump,Biden,"",.000375,.008725,,323,13:42:04 26 Oct 2020,40000
2020,President,polls-plus,10/26/2020,Trump,Biden,"",.00345,.00425,,322,13:42:04 26 Oct 2020,40000
2020,President,polls-plus,10/26/2020,Trump,Biden,"",.001275,.0029,,321,13:42:04 26 Oct 2020,40000
2020,President,polls-plus,10/26/2020,Trump,Biden,"",.000775,.00525,,320,13:42:04 26 Oct 2020,40000
2020,President,polls-plus,10/26/2020,Trump,Biden,"",.0001,0,,32,13:42:04 26 Oct 2020,40000
2020,President,polls-plus,10/26/2020,Trump,Biden,"",.000575,.016875,,319,13:42:04 26 Oct 2020,40000
2020,President,polls-plus,10/26/2020,Trump,Biden,"",.001025,.00535,,318,13:42:04 26 Oct 2020,40000
2020,President,polls-plus,10/26/2020,Trump,Biden,"",.000775,.002225,,317,13:42:04 26 Oct 2020,40000
2020,President,polls-plus,10/26/2020,Trump,Biden,"",.001725,.003975,,316,13:42:04 26 Oct 2020,40000
2020,President,polls-plus,10/26/2020,Trump,Biden,"",.00075,.0052,,315,13:42:04 26 Oct 2020,40000
2020,President,polls-plus,10/26/2020,Trump,Biden,"",.0006,.003525,,314,13:42:04 26 Oct 2020,40000
2020,President,polls-plus,10/26/2020,Trump,Biden,"",.000575,.005325,,313,13:42:04 26 Oct 2020,40000
2020,President,polls-plus,10/26/2020,Trump,Biden,"",.0033,.003725,,312,13:42:04 26 Oct 2020,40000
2020,President,polls-plus,10/26/2020,Trump,Biden,"",.00205,.0029,,311,13:42:04 26 Oct 2020,40000
2020,President,polls-plus,10/26/2020,Trump,Biden,"",.001625,.003875,,310,13:42:04 26 Oct 2020,40000
2020,President,polls-plus,10/26/2020,Trump,Biden,"",.0001,0,,31,13:42:04 26 Oct 2020,40000
2020,President,polls-plus,10/26/2020,Trump,Biden,"",.000875,.004475,,309,13:42:04 26 Oct 2020,40000
2020,President,polls-plus,10/26/2020,Trump,Biden,"",.000925,.008,,308,13:42:04 26 Oct 2020,40000
2020,President,polls-plus,10/26/2020,Trump,Biden,"",.000675,.00325,,307,13:42:04 26 Oct 2020,40000
2020,President,polls-plus,10/26/2020,Trump,Biden,"",.00385,.00445,,306,13:42:04 26 Oct 2020,40000
2020,President,polls-plus,10/26/2020,Trump,Biden,"",.001575,.005275,,305,13:42:04 26 Oct 2020,40000
2020,President,polls-plus,10/26/2020,Trump,Biden,"",.00135,.003825,,304,13:42:04 26 Oct 2020,40000
2020,President,polls-plus,10/26/2020,Trump,Biden,"",.000725,.00245,,303,13:42:04 26 Oct 2020,40000
2020,President,polls-plus,10/26/2020,Trump,Biden,"",.0016,.002025,,302,13:42:04 26 Oct 2020,40000
2020,President,polls-plus,10/26/2020,Trump,Biden,"",.001775,.003025,,301,13:42:04 26 Oct 2020,40000
2020,President,polls-plus,10/26/2020,Trump,Biden,"",.002975,.003,,300,13:42:04 26 Oct 2020,40000
2020,President,polls-plus,10/26/2020,Trump,Biden,"",.000075,0,,30,13:42:04 26 Oct 2020,40000
2020,President,polls-plus,10/26/2020,Trump,Biden,"",.00005,0,,3,13:42:04 26 Oct 2020,40000
2020,President,polls-plus,10/26/2020,Trump,Biden,"",.001075,.002975,,299,13:42:04 26 Oct 2020,40000
2020,President,polls-plus,10/26/2020,Trump,Biden,"",.00065,.004725,,298,13:42:04 26 Oct 2020,40000
2020,President,polls-plus,10/26/2020,Trump,Biden,"",.0006,.0046,,297,13:42:04 26 Oct 2020,40000
2020,President,polls-plus,10/26/2020,Trump,Biden,"",.00405,.00335,,296,13:42:04 26 Oct 2020,40000
2020,President,polls-plus,10/26/2020,Trump,Biden,"",.00305,.00755,,295,13:42:04 26 Oct 2020,40000
2020,President,polls-plus,10/26/2020,Trump,Biden,"",.00235,.01065,,294,13:42:04 26 Oct 2020,40000
2020,President,polls-plus,10/26/2020,Trump,Biden,"",.0013,.004375,,293,13:42:04 26 Oct 2020,40000
2020,President,polls-plus,10/26/2020,Trump,Biden,"",.00135,.002075,,292,13:42:04 26 Oct 2020,40000
2020,President,polls-plus,10/26/2020,Trump,Biden,"",.001475,.004225,,291,13:42:04 26 Oct 2020,40000
2020,President,polls-plus,10/26/2020,Trump,Biden,"",.0044,.0126,,290,13:42:04 26 Oct 2020,40000
2020,President,polls-plus,10/26/2020,Trump,Biden,"",.00015,0,,29,13:42:04 26 Oct 2020,40000
2020,President,polls-plus,10/26/2020,Trump,Biden,"",.0026,.0048,,289,13:42:04 26 Oct 2020,40000
2020,President,polls-plus,10/26/2020,Trump,Biden,"",.00125,.0033,,288,13:42:04 26 Oct 2020,40000
2020,President,polls-plus,10/26/2020,Trump,Biden,"",.0006,.0019,,287,13:42:04 26 Oct 2020,40000
2020,President,polls-plus,10/26/2020,Trump,Biden,"",.00345,.0036,,286,13:42:04 26 Oct 2020,40000
2020,President,polls-plus,10/26/2020,Trump,Biden,"",.003825,.00335,,285,13:42:04 26 Oct 2020,40000
2020,President,polls-plus,10/26/2020,Trump,Biden,"",.002525,.003075,,284,13:42:04 26 Oct 2020,40000
2020,President,polls-plus,10/26/2020,Trump,Biden,"",.001725,.003125,,283,13:42:04 26 Oct 2020,40000
2020,President,polls-plus,10/26/2020,Trump,Biden,"",.001,.002275,,282,13:42:04 26 Oct 2020,40000
2020,President,polls-plus,10/26/2020,Trump,Biden,"",.00125,.001025,,281,13:42:04 26 Oct 2020,40000
2020,President,polls-plus,10/26/2020,Trump,Biden,"",.00615,.00855,,280,13:42:04 26 Oct 2020,40000
2020,President,polls-plus,10/26/2020,Trump,Biden,"",.000175,0,,28,13:42:04 26 Oct 2020,40000
2020,President,polls-plus,10/26/2020,Trump,Biden,"",.006575,.019475,,279,13:42:04 26 Oct 2020,40000
2020,President,polls-plus,10/26/2020,Trump,Biden,"",.001575,.00865,,278,13:42:04 26 Oct 2020,40000
2020,President,polls-plus,10/26/2020,Trump,Biden,"",.00085,.00165,,277,13:42:04 26 Oct 2020,40000
2020,President,polls-plus,10/26/2020,Trump,Biden,"",.002125,.001375,,276,13:42:04 26 Oct 2020,40000
2020,President,polls-plus,10/26/2020,Trump,Biden,"",.003325,.001875,,275,13:42:04 26 Oct 2020,40000
2020,President,polls-plus,10/26/2020,Trump,Biden,"",.002025,.0033,,274,13:42:04 26 Oct 2020,40000
2020,President,polls-plus,10/26/2020,Trump,Biden,"",.001675,.005575,,273,13:42:04 26 Oct 2020,40000
2020,President,polls-plus,10/26/2020,Trump,Biden,"",.0014,.002425,,272,13:42:04 26 Oct 2020,40000
2020,President,polls-plus,10/26/2020,Trump,Biden,"",.0014,.000925,,271,13:42:04 26 Oct 2020,40000
2020,President,polls-plus,10/26/2020,Trump,Biden,"",.0042,.003275,,270,13:42:04 26 Oct 2020,40000
2020,President,polls-plus,10/26/2020,Trump,Biden,"",.00005,0,,27,13:42:04 26 Oct 2020,40000
2020,President,polls-plus,10/26/2020,Trump,Biden,"",.006025,.006025,,269,13:42:04 26 Oct 2020,40000
2020,President,polls-plus,10/26/2020,Trump,Biden,"",.003275,.0042,,268,13:42:04 26 Oct 2020,40000
2020,President,polls-plus,10/26/2020,Trump,Biden,"",.000925,.0014,,267,13:42:04 26 Oct 2020,40000
2020,President,polls-plus,10/26/2020,Trump,Biden,"",.002425,.0014,,266,13:42:04 26 Oct 2020,40000
2020,President,polls-plus,10/26/2020,Trump,Biden,"",.005575,.001675,,265,13:42:04 26 Oct 2020,40000
2020,President,polls-plus,10/26/2020,Trump,Biden,"",.0033,.002025,,264,13:42:04 26 Oct 2020,40000
2020,President,polls-plus,10/26/2020,Trump,Biden,"",.001875,.003325,,263,13:42:04 26 Oct 2020,40000
2020,President,polls-plus,10/26/2020,Trump,Biden,"",.001375,.002125,,262,13:42:04 26 Oct 2020,40000
2020,President,polls-plus,10/26/2020,Trump,Biden,"",.00165,.00085,,261,13:42:04 26 Oct 2020,40000
2020,President,polls-plus,10/26/2020,Trump,Biden,"",.00865,.001575,,260,13:42:04 26 Oct 2020,40000
2020,President,polls-plus,10/26/2020,Trump,Biden,"",.00015,0,,26,13:42:04 26 Oct 2020,40000
2020,President,polls-plus,10/26/2020,Trump,Biden,"",.019475,.006575,,259,13:42:04 26 Oct 2020,40000
2020,President,polls-plus,10/26/2020,Trump,Biden,"",.00855,.00615,,258,13:42:04 26 Oct 2020,40000
2020,President,polls-plus,10/26/2020,Trump,Biden,"",.001025,.00125,,257,13:42:04 26 Oct 2020,40000
2020,President,polls-plus,10/26/2020,Trump,Biden,"",.002275,.001,,256,13:42:04 26 Oct 2020,40000
2020,President,polls-plus,10/26/2020,Trump,Biden,"",.003125,.001725,,255,13:42:04 26 Oct 2020,40000
2020,President,polls-plus,10/26/2020,Trump,Biden,"",.003075,.002525,,254,13:42:04 26 Oct 2020,40000
2020,President,polls-plus,10/26/2020,Trump,Biden,"",.00335,.003825,,253,13:42:04 26 Oct 2020,40000
2020,President,polls-plus,10/26/2020,Trump,Biden,"",.0036,.00345,,252,13:42:04 26 Oct 2020,40000
2020,President,polls-plus,10/26/2020,Trump,Biden,"",.0019,.0006,,251,13:42:04 26 Oct 2020,40000
2020,President,polls-plus,10/26/2020,Trump,Biden,"",.0033,.00125,,250,13:42:04 26 Oct 2020,40000
2020,President,polls-plus,10/26/2020,Trump,Biden,"",.00005,0,,25,13:42:04 26 Oct 2020,40000
2020,President,polls-plus,10/26/2020,Trump,Biden,"",.0048,.0026,,249,13:42:04 26 Oct 2020,40000
2020,President,polls-plus,10/26/2020,Trump,Biden,"",.0126,.0044,,248,13:42:04 26 Oct 2020,40000
2020,President,polls-plus,10/26/2020,Trump,Biden,"",.004225,.001475,,247,13:42:04 26 Oct 2020,40000
2020,President,polls-plus,10/26/2020,Trump,Biden,"",.002075,.00135,,246,13:42:04 26 Oct 2020,40000
2020,President,polls-plus,10/26/2020,Trump,Biden,"",.004375,.0013,,245,13:42:04 26 Oct 2020,40000
2020,President,polls-plus,10/26/2020,Trump,Biden,"",.01065,.00235,,244,13:42:04 26 Oct 2020,40000
2020,President,polls-plus,10/26/2020,Trump,Biden,"",.00755,.00305,,243,13:42:04 26 Oct 2020,40000
2020,President,polls-plus,10/26/2020,Trump,Biden,"",.00335,.00405,,242,13:42:04 26 Oct 2020,40000
2020,President,polls-plus,10/26/2020,Trump,Biden,"",.0046,.0006,,241,13:42:04 26 Oct 2020,40000
2020,President,polls-plus,10/26/2020,Trump,Biden,"",.004725,.00065,,240,13:42:04 26 Oct 2020,40000
2020,President,polls-plus,10/26/2020,Trump,Biden,"",.000075,0,,24,13:42:04 26 Oct 2020,40000
2020,President,polls-plus,10/26/2020,Trump,Biden,"",.002975,.001075,,239,13:42:04 26 Oct 2020,40000
2020,President,polls-plus,10/26/2020,Trump,Biden,"",.003,.002975,,238,13:42:04 26 Oct 2020,40000
2020,President,polls-plus,10/26/2020,Trump,Biden,"",.003025,.001775,,237,13:42:04 26 Oct 2020,40000
2020,President,polls-plus,10/26/2020,Trump,Biden,"",.002025,.0016,,236,13:42:04 26 Oct 2020,40000
2020,President,polls-plus,10/26/2020,Trump,Biden,"",.00245,.000725,,235,13:42:04 26 Oct 2020,40000
2020,President,polls-plus,10/26/2020,Trump,Biden,"",.003825,.00135,,234,13:42:04 26 Oct 2020,40000
2020,President,polls-plus,10/26/2020,Trump,Biden,"",.005275,.001575,,233,13:42:04 26 Oct 2020,40000
2020,President,polls-plus,10/26/2020,Trump,Biden,"",.00445,.00385,,232,13:42:04 26 Oct 2020,40000
2020,President,polls-plus,10/26/2020,Trump,Biden,"",.00325,.000675,,231,13:42:04 26 Oct 2020,40000
2020,President,polls-plus,10/26/2020,Trump,Biden,"",.008,.000925,,230,13:42:04 26 Oct 2020,40000
2020,President,polls-plus,10/26/2020,Trump,Biden,"",.000225,0,,23,13:42:04 26 Oct 2020,40000
2020,President,polls-plus,10/26/2020,Trump,Biden,"",.004475,.000875,,229,13:42:04 26 Oct 2020,40000
2020,President,polls-plus,10/26/2020,Trump,Biden,"",.003875,.001625,,228,13:42:04 26 Oct 2020,40000
2020,President,polls-plus,10/26/2020,Trump,Biden,"",.0029,.00205,,227,13:42:04 26 Oct 2020,40000
2020,President,polls-plus,10/26/2020,Trump,Biden,"",.003725,.0033,,226,13:42:04 26 Oct 2020,40000
2020,President,polls-plus,10/26/2020,Trump,Biden,"",.005325,.000575,,225,13:42:04 26 Oct 2020,40000
2020,President,polls-plus,10/26/2020,Trump,Biden,"",.003525,.0006,,224,13:42:04 26 Oct 2020,40000
2020,President,polls-plus,10/26/2020,Trump,Biden,"",.0052,.00075,,223,13:42:04 26 Oct 2020,40000
2020,President,polls-plus,10/26/2020,Trump,Biden,"",.003975,.001725,,222,13:42:04 26 Oct 2020,40000
2020,President,polls-plus,10/26/2020,Trump,Biden,"",.002225,.000775,,221,13:42:04 26 Oct 2020,40000
2020,President,polls-plus,10/26/2020,Trump,Biden,"",.00535,.001025,,220,13:42:04 26 Oct 2020,40000
2020,President,polls-plus,10/26/2020,Trump,Biden,"",.00015,0,,22,13:42:04 26 Oct 2020,40000
2020,President,polls-plus,10/26/2020,Trump,Biden,"",.016875,.000575,,219,13:42:04 26 Oct 2020,40000
2020,President,polls-plus,10/26/2020,Trump,Biden,"",.00525,.000775,,218,13:42:04 26 Oct 2020,40000
2020,President,polls-plus,10/26/2020,Trump,Biden,"",.0029,.001275,,217,13:42:04 26 Oct 2020,40000
2020,President,polls-plus,10/26/2020,Trump,Biden,"",.00425,.00345,,216,13:42:04 26 Oct 2020,40000
2020,President,polls-plus,10/26/2020,Trump,Biden,"",.008725,.000375,,215,13:42:04 26 Oct 2020,40000
2020,President,polls-plus,10/26/2020,Trump,Biden,"",.006675,.000725,,214,13:42:04 26 Oct 2020,40000
2020,President,polls-plus,10/26/2020,Trump,Biden,"",.006375,.0005,,213,13:42:04 26 Oct 2020,40000
2020,President,polls-plus,10/26/2020,Trump,Biden,"",.004575,.002225,,212,13:42:04 26 Oct 2020,40000
2020,President,polls-plus,10/26/2020,Trump,Biden,"",.0026,.00065,,211,13:42:04 26 Oct 2020,40000
2020,President,polls-plus,10/26/2020,Trump,Biden,"",.00325,.0034,,210,13:42:04 26 Oct 2020,40000
2020,President,polls-plus,10/26/2020,Trump,Biden,"",.000075,0,,21,13:42:04 26 Oct 2020,40000
2020,President,polls-plus,10/26/2020,Trump,Biden,"",.005275,.000525,,209,13:42:04 26 Oct 2020,40000
2020,President,polls-plus,10/26/2020,Trump,Biden,"",.005525,.000375,,208,13:42:04 26 Oct 2020,40000
2020,President,polls-plus,10/26/2020,Trump,Biden,"",.001875,.00125,,207,13:42:04 26 Oct 2020,40000
2020,President,polls-plus,10/26/2020,Trump,Biden,"",.002275,.00035,,206,13:42:04 26 Oct 2020,40000
2020,President,polls-plus,10/26/2020,Trump,Biden,"",.0059,.001,,205,13:42:04 26 Oct 2020,40000
2020,President,polls-plus,10/26/2020,Trump,Biden,"",.014175,.0003,,204,13:42:04 26 Oct 2020,40000
2020,President,polls-plus,10/26/2020,Trump,Biden,"",.011325,.001225,,203,13:42:04 26 Oct 2020,40000
2020,President,polls-plus,10/26/2020,Trump,Biden,"",.002825,.0004,,202,13:42:04 26 Oct 2020,40000
2020,President,polls-plus,10/26/2020,Trump,Biden,"",.002875,.00115,,201,13:42:04 26 Oct 2020,40000
2020,President,polls-plus,10/26/2020,Trump,Biden,"",.00425,.000475,,200,13:42:04 26 Oct 2020,40000
2020,President,polls-plus,10/26/2020,Trump,Biden,"",.000175,0,,20,13:42:04 26 Oct 2020,40000
2020,President,polls-plus,10/26/2020,Trump,Biden,"",0,0,,2,13:42:04 26 Oct 2020,40000
2020,President,polls-plus,10/26/2020,Trump,Biden,"",.0057,.00025,,199,13:42:04 26 Oct 2020,40000
2020,President,polls-plus,10/26/2020,Trump,Biden,"",.008775,.000475,,198,13:42:04 26 Oct 2020,40000
2020,President,polls-plus,10/26/2020,Trump,Biden,"",.010675,.000725,,197,13:42:04 26 Oct 2020,40000
2020,President,polls-plus,10/26/2020,Trump,Biden,"",.004,.001325,,196,13:42:04 26 Oct 2020,40000
2020,President,polls-plus,10/26/2020,Trump,Biden,"",.00375,.000325,,195,13:42:04 26 Oct 2020,40000
2020,President,polls-plus,10/26/2020,Trump,Biden,"",.00605,.000425,,194,13:42:04 26 Oct 2020,40000
2020,President,polls-plus,10/26/2020,Trump,Biden,"",.004025,.00015,,193,13:42:04 26 Oct 2020,40000
2020,President,polls-plus,10/26/2020,Trump,Biden,"",.004925,.000225,,192,13:42:04 26 Oct 2020,40000
2020,President,polls-plus,10/26/2020,Trump,Biden,"",.003425,.00025,,191,13:42:04 26 Oct 2020,40000
2020,President,polls-plus,10/26/2020,Trump,Biden,"",.00475,.000325,,190,13:42:04 26 Oct 2020,40000
2020,President,polls-plus,10/26/2020,Trump,Biden,"",.000025,0,,19,13:42:04 26 Oct 2020,40000
2020,President,polls-plus,10/26/2020,Trump,Biden,"",.003275,.000375,,189,13:42:04 26 Oct 2020,40000
2020,President,polls-plus,10/26/2020,Trump,Biden,"",.01255,.000675,,188,13:42:04 26 Oct 2020,40000
2020,President,polls-plus,10/26/2020,Trump,Biden,"",.00605,0,,187,13:42:04 26 Oct 2020,40000
2020,President,polls-plus,10/26/2020,Trump,Biden,"",.0044,.000025,,186,13:42:04 26 Oct 2020,40000
2020,President,polls-plus,10/26/2020,Trump,Biden,"",.006475,.00025,,185,13:42:04 26 Oct 2020,40000
2020,President,polls-plus,10/26/2020,Trump,Biden,"",.002075,.0001,,184,13:42:04 26 Oct 2020,40000
2020,President,polls-plus,10/26/2020,Trump,Biden,"",.00155,.0009,,183,13:42:04 26 Oct 2020,40000
2020,President,polls-plus,10/26/2020,Trump,Biden,"",.0103,.0002,,182,13:42:04 26 Oct 2020,40000
2020,President,polls-plus,10/26/2020,Trump,Biden,"",.010175,.000175,,181,13:42:04 26 Oct 2020,40000
2020,President,polls-plus,10/26/2020,Trump,Biden,"",.005275,.0001,,180,13:42:04 26 Oct 2020,40000
2020,President,polls-plus,10/26/2020,Trump,Biden,"",.000125,0,,18,13:42:04 26 Oct 2020,40000
2020,President,polls-plus,10/26/2020,Trump,Biden,"",.0162,.000025,,179,13:42:04 26 Oct 2020,40000
2020,President,polls-plus,10/26/2020,Trump,Biden,"",.003275,.0001,,178,13:42:04 26 Oct 2020,40000
2020,President,polls-plus,10/26/2020,Trump,Biden,"",.002375,.000075,,177,13:42:04 26 Oct 2020,40000
2020,President,polls-plus,10/26/2020,Trump,Biden,"",.00655,.0004,,176,13:42:04 26 Oct 2020,40000
2020,President,polls-plus,10/26/2020,Trump,Biden,"",.00375,.000275,,175,13:42:04 26 Oct 2020,40000
2020,President,polls-plus,10/26/2020,Trump,Biden,"",.004625,.0001,,174,13:42:04 26 Oct 2020,40000
2020,President,polls-plus,10/26/2020,Trump,Biden,"",.003375,.000075,,173,13:42:04 26 Oct 2020,40000
2020,President,polls-plus,10/26/2020,Trump,Biden,"",.002075,0,,172,13:42:04 26 Oct 2020,40000
2020,President,polls-plus,10/26/2020,Trump,Biden,"",.002175,.00005,,171,13:42:04 26 Oct 2020,40000
2020,President,polls-plus,10/26/2020,Trump,Biden,"",.004925,.000075,,170,13:42:04 26 Oct 2020,40000
2020,President,polls-plus,10/26/2020,Trump,Biden,"",.00015,0,,17,13:42:04 26 Oct 2020,40000
2020,President,polls-plus,10/26/2020,Trump,Biden,"",.004625,.00005,,169,13:42:04 26 Oct 2020,40000
2020,President,polls-plus,10/26/2020,Trump,Biden,"",.001425,.000025,,168,13:42:04 26 Oct 2020,40000
2020,President,polls-plus,10/26/2020,Trump,Biden,"",.002075,0,,167,13:42:04 26 Oct 2020,40000
2020,President,polls-plus,10/26/2020,Trump,Biden,"",.0051,.000125,,166,13:42:04 26 Oct 2020,40000
2020,President,polls-plus,10/26/2020,Trump,Biden,"",.00325,.00005,,165,13:42:04 26 Oct 2020,40000
2020,President,polls-plus,10/26/2020,Trump,Biden,"",.00915,.000025,,164,13:42:04 26 Oct 2020,40000
2020,President,polls-plus,10/26/2020,Trump,Biden,"",.025275,.000125,,163,13:42:04 26 Oct 2020,40000
2020,President,polls-plus,10/26/2020,Trump,Biden,"",.001675,.000075,,162,13:42:04 26 Oct 2020,40000
2020,President,polls-plus,10/26/2020,Trump,Biden,"",.00265,.0001,,161,13:42:04 26 Oct 2020,40000
2020,President,polls-plus,10/26/2020,Trump,Biden,"",.010375,.000025,,160,13:42:04 26 Oct 2020,40000
2020,President,polls-plus,10/26/2020,Trump,Biden,"",.00015,0,,16,13:42:04 26 Oct 2020,40000
2020,President,polls-plus,10/26/2020,Trump,Biden,"",.00325,.000025,,159,13:42:04 26 Oct 2020,40000
2020,President,polls-plus,10/26/2020,Trump,Biden,"",.0017,.00005,,158,13:42:04 26 Oct 2020,40000
2020,President,polls-plus,10/26/2020,Trump,Biden,"",.004125,0,,157,13:42:04 26 Oct 2020,40000
2020,President,polls-plus,10/26/2020,Trump,Biden,"",.002625,.000025,,156,13:42:04 26 Oct 2020,40000
2020,President,polls-plus,10/26/2020,Trump,Biden,"",.001925,.00005,,155,13:42:04 26 Oct 2020,40000
2020,President,polls-plus,10/26/2020,Trump,Biden,"",.002925,0,,154,13:42:04 26 Oct 2020,40000
2020,President,polls-plus,10/26/2020,Trump,Biden,"",.001775,.000025,,153,13:42:04 26 Oct 2020,40000
2020,President,polls-plus,10/26/2020,Trump,Biden,"",.002675,.00005,,152,13:42:04 26 Oct 2020,40000
2020,President,polls-plus,10/26/2020,Trump,Biden,"",.002275,.00005,,151,13:42:04 26 Oct 2020,40000
2020,President,polls-plus,10/26/2020,Trump,Biden,"",.00975,0,,150,13:42:04 26 Oct 2020,40000
2020,President,polls-plus,10/26/2020,Trump,Biden,"",.0001,0,,15,13:42:04 26 Oct 2020,40000
2020,President,polls-plus,10/26/2020,Trump,Biden,"",.003175,.000125,,149,13:42:04 26 Oct 2020,40000
2020,President,polls-plus,10/26/2020,Trump,Biden,"",.00245,0,,148,13:42:04 26 Oct 2020,40000
2020,President,polls-plus,10/26/2020,Trump,Biden,"",.00325,.000025,,147,13:42:04 26 Oct 2020,40000
2020,President,polls-plus,10/26/2020,Trump,Biden,"",.00175,0,,146,13:42:04 26 Oct 2020,40000
2020,President,polls-plus,10/26/2020,Trump,Biden,"",.00125,0,,145,13:42:04 26 Oct 2020,40000
2020,President,polls-plus,10/26/2020,Trump,Biden,"",.0096,0,,144,13:42:04 26 Oct 2020,40000
2020,President,polls-plus,10/26/2020,Trump,Biden,"",.005375,.000025,,143,13:42:04 26 Oct 2020,40000
2020,President,polls-plus,10/26/2020,Trump,Biden,"",.00345,.000025,,142,13:42:04 26 Oct 2020,40000
2020,President,polls-plus,10/26/2020,Trump,Biden,"",.00905,.000025,,141,13:42:04 26 Oct 2020,40000
2020,President,polls-plus,10/26/2020,Trump,Biden,"",.0026,.000025,,140,13:42:04 26 Oct 2020,40000
2020,President,polls-plus,10/26/2020,Trump,Biden,"",.0001,0,,14,13:42:04 26 Oct 2020,40000
2020,President,polls-plus,10/26/2020,Trump,Biden,"",.0009,0,,139,13:42:04 26 Oct 2020,40000
2020,President,polls-plus,10/26/2020,Trump,Biden,"",.003875,.000075,,138,13:42:04 26 Oct 2020,40000
2020,President,polls-plus,10/26/2020,Trump,Biden,"",.001725,.000025,,137,13:42:04 26 Oct 2020,40000
2020,President,polls-plus,10/26/2020,Trump,Biden,"",.00185,0,,136,13:42:04 26 Oct 2020,40000
2020,President,polls-plus,10/26/2020,Trump,Biden,"",.00275,.000025,,135,13:42:04 26 Oct 2020,40000
2020,President,polls-plus,10/26/2020,Trump,Biden,"",.0013,.000025,,134,13:42:04 26 Oct 2020,40000
2020,President,polls-plus,10/26/2020,Trump,Biden,"",.00155,0,,133,13:42:04 26 Oct 2020,40000
2020,President,polls-plus,10/26/2020,Trump,Biden,"",.0051,0,,132,13:42:04 26 Oct 2020,40000
2020,President,polls-plus,10/26/2020,Trump,Biden,"",.003675,0,,131,13:42:04 26 Oct 2020,40000
2020,President,polls-plus,10/26/2020,Trump,Biden,"",.001075,.000025,,130,13:42:04 26 Oct 2020,40000
2020,President,polls-plus,10/26/2020,Trump,Biden,"",.000125,0,,13,13:42:04 26 Oct 2020,40000
2020,President,polls-plus,10/26/2020,Trump,Biden,"",.00205,0,,129,13:42:04 26 Oct 2020,40000
2020,President,polls-plus,10/26/2020,Trump,Biden,"",.00235,0,,128,13:42:04 26 Oct 2020,40000
2020,President,polls-plus,10/26/2020,Trump,Biden,"",.001125,0,,127,13:42:04 26 Oct 2020,40000
2020,President,polls-plus,10/26/2020,Trump,Biden,"",.0162,0,,126,13:42:04 26 Oct 2020,40000
2020,President,polls-plus,10/26/2020,Trump,Biden,"",.040025,0,,125,13:42:04 26 Oct 2020,40000
2020,President,polls-plus,10/26/2020,Trump,Biden,"",.00205,0,,124,13:42:04 26 Oct 2020,40000
2020,President,polls-plus,10/26/2020,Trump,Biden,"",.003875,0,,123,13:42:04 26 Oct 2020,40000
2020,President,polls-plus,10/26/2020,Trump,Biden,"",.018425,0,,122,13:42:04 26 Oct 2020,40000
2020,President,polls-plus,10/26/2020,Trump,Biden,"",.002025,0,,121,13:42:04 26 Oct 2020,40000
2020,President,polls-plus,10/26/2020,Trump,Biden,"",.0027,0,,120,13:42:04 26 Oct 2020,40000
2020,President,polls-plus,10/26/2020,Trump,Biden,"",.00005,0,,12,13:42:04 26 Oct 2020,40000
2020,President,polls-plus,10/26/2020,Trump,Biden,"",.009625,0,,119,13:42:04 26 Oct 2020,40000
2020,President,polls-plus,10/26/2020,Trump,Biden,"",.0014,0,,118,13:42:04 26 Oct 2020,40000
2020,President,polls-plus,10/26/2020,Trump,Biden,"",.0032,0,,117,13:42:04 26 Oct 2020,40000
2020,President,polls-plus,10/26/2020,Trump,Biden,"",.00615,0,,116,13:42:04 26 Oct 2020,40000
2020,President,polls-plus,10/26/2020,Trump,Biden,"",.003575,.000025,,115,13:42:04 26 Oct 2020,40000
2020,President,polls-plus,10/26/2020,Trump,Biden,"",.001775,0,,114,13:42:04 26 Oct 2020,40000
2020,President,polls-plus,10/26/2020,Trump,Biden,"",.00475,0,,113,13:42:04 26 Oct 2020,40000
2020,President,polls-plus,10/26/2020,Trump,Biden,"",.0035,.000025,,112,13:42:04 26 Oct 2020,40000
2020,President,polls-plus,10/26/2020,Trump,Biden,"",.0021,.000025,,111,13:42:04 26 Oct 2020,40000
2020,President,polls-plus,10/26/2020,Trump,Biden,"",.00295,0,,110,13:42:04 26 Oct 2020,40000
2020,President,polls-plus,10/26/2020,Trump,Biden,"",.0001,0,,11,13:42:04 26 Oct 2020,40000
2020,President,polls-plus,10/26/2020,Trump,Biden,"",.0029,.000025,,109,13:42:04 26 Oct 2020,40000
2020,President,polls-plus,10/26/2020,Trump,Biden,"",.00175,0,,108,13:42:04 26 Oct 2020,40000
2020,President,polls-plus,10/26/2020,Trump,Biden,"",.002575,.000025,,107,13:42:04 26 Oct 2020,40000
2020,President,polls-plus,10/26/2020,Trump,Biden,"",.0025,0,,106,13:42:04 26 Oct 2020,40000
2020,President,polls-plus,10/26/2020,Trump,Biden,"",.000975,0,,105,13:42:04 26 Oct 2020,40000
2020,President,polls-plus,10/26/2020,Trump,Biden,"",.00165,0,,104,13:42:04 26 Oct 2020,40000
2020,President,polls-plus,10/26/2020,Trump,Biden,"",.003425,0,,103,13:42:04 26 Oct 2020,40000
2020,President,polls-plus,10/26/2020,Trump,Biden,"",.001725,0,,102,13:42:04 26 Oct 2020,40000
2020,President,polls-plus,10/26/2020,Trump,Biden,"",.001525,0,,101,13:42:04 26 Oct 2020,40000
2020,President,polls-plus,10/26/2020,Trump,Biden,"",.002425,0,,100,13:42:04 26 Oct 2020,40000
2020,President,polls-plus,10/26/2020,Trump,Biden,"",.000125,0,,10,13:42:04 26 Oct 2020,40000
2020,President,polls-plus,10/26/2020,Trump,Biden,"",.00005,0,,1,13:42:04 26 Oct 2020,40000
2020,President,polls-plus,10/26/2020,Trump,Biden,"",0,0,,0,13:42:04 26 Oct 2020,40000
